"Run date","Name or Id","Tags","Provider","Service"
"2020-09-13T03:57:51.725Z","","","ibm-q-keio/keio-internal/reservations","Backend: ibmq_toronto"
"2020-09-13T03:57:42.665Z","","","ibm-q-keio/keio-internal/reservations","Backend: ibmq_toronto"
"2020-09-13T03:57:34.165Z","","","ibm-q-keio/keio-internal/reservations","Backend: ibmq_toronto"
"2020-09-13T03:57:24.029Z","","","ibm-q-keio/keio-internal/reservations","Backend: ibmq_toronto"
"2020-09-13T03:56:10.378Z","","","ibm-q-keio/keio-internal/reservations","Backend: ibmq_toronto"
"2020-09-13T03:56:04.313Z","","","ibm-q-keio/keio-internal/reservations","Backend: ibmq_toronto"
"2020-09-13T03:55:53.197Z","","","ibm-q-keio/keio-internal/reservations","Backend: ibmq_toronto"
"2020-09-13T03:55:46.476Z","","","ibm-q-keio/keio-internal/reservations","Backend: ibmq_toronto"
"2020-09-13T03:54:10.778Z","","","ibm-q-keio/keio-internal/reservations","Backend: ibmq_toronto"
"2020-09-13T03:54:02.032Z","","","ibm-q-keio/keio-internal/reservations","Backend: ibmq_toronto"
"2020-09-13T03:53:58.460Z","","","ibm-q-keio/keio-internal/reservations","Backend: ibmq_toronto"
"2020-09-13T03:53:49.108Z","","","ibm-q-keio/keio-internal/reservations","Backend: ibmq_toronto"
"2020-09-13T03:50:48.544Z","","","ibm-q-keio/keio-internal/reservations","Backend: ibmq_toronto"
"2020-09-13T03:50:40.386Z","","","ibm-q-keio/keio-internal/reservations","Backend: ibmq_toronto"
"2020-09-13T03:50:36.347Z","","","ibm-q-keio/keio-internal/reservations","Backend: ibmq_toronto"
"2020-09-13T03:50:26.603Z","","","ibm-q-keio/keio-internal/reservations","Backend: ibmq_toronto"
"2020-09-13T03:49:32.866Z","","","ibm-q-keio/keio-internal/reservations","Backend: ibmq_toronto"
"2020-09-13T03:49:27.503Z","","","ibm-q-keio/keio-internal/reservations","Backend: ibmq_toronto"
"2020-09-13T03:49:22.869Z","","","ibm-q-keio/keio-internal/reservations","Backend: ibmq_toronto"
"2020-09-13T03:49:16.843Z","","","ibm-q-keio/keio-internal/reservations","Backend: ibmq_toronto"
"2020-09-13T03:47:56.333Z","","","ibm-q-keio/keio-internal/reservations","Backend: ibmq_toronto"
"2020-09-13T03:47:49.858Z","","","ibm-q-keio/keio-internal/reservations","Backend: ibmq_toronto"
"2020-09-13T03:47:45.914Z","","","ibm-q-keio/keio-internal/reservations","Backend: ibmq_toronto"
"2020-09-13T03:47:39.793Z","","","ibm-q-keio/keio-internal/reservations","Backend: ibmq_toronto"
"2020-09-13T03:42:47.429Z","","","ibm-q-keio/keio-internal/reservations","Backend: ibmq_toronto"
"2020-09-13T03:42:44.087Z","","","ibm-q-keio/keio-internal/reservations","Backend: ibmq_toronto"
"2020-09-13T03:42:40.210Z","","","ibm-q-keio/keio-internal/reservations","Backend: ibmq_toronto"
"2020-09-13T03:42:36.279Z","","","ibm-q-keio/keio-internal/reservations","Backend: ibmq_toronto"
"2020-09-13T03:41:30.131Z","","","ibm-q-keio/keio-internal/reservations","Backend: ibmq_toronto"
"2020-09-13T03:41:26.771Z","","","ibm-q-keio/keio-internal/reservations","Backend: ibmq_toronto"
"2020-09-13T03:41:23.006Z","","","ibm-q-keio/keio-internal/reservations","Backend: ibmq_toronto"
"2020-09-13T03:41:18.885Z","","","ibm-q-keio/keio-internal/reservations","Backend: ibmq_toronto"
"2020-09-13T03:40:14.528Z","","","ibm-q-keio/keio-internal/reservations","Backend: ibmq_toronto"
"2020-09-13T03:40:10.598Z","","","ibm-q-keio/keio-internal/reservations","Backend: ibmq_toronto"
"2020-09-13T03:40:05.888Z","","","ibm-q-keio/keio-internal/reservations","Backend: ibmq_toronto"
"2020-09-13T03:40:00.622Z","","","ibm-q-keio/keio-internal/reservations","Backend: ibmq_toronto"
"2020-09-13T03:39:19.574Z","","","ibm-q-keio/keio-internal/reservations","Backend: ibmq_toronto"
"2020-09-13T03:39:15.671Z","","","ibm-q-keio/keio-internal/reservations","Backend: ibmq_toronto"
"2020-09-13T03:39:12.544Z","","","ibm-q-keio/keio-internal/reservations","Backend: ibmq_toronto"
"2020-09-13T03:39:07.959Z","","","ibm-q-keio/keio-internal/reservations","Backend: ibmq_toronto"
"2020-09-13T03:38:22.004Z","","","ibm-q-keio/keio-internal/reservations","Backend: ibmq_toronto"
"2020-09-13T03:38:18.872Z","","","ibm-q-keio/keio-internal/reservations","Backend: ibmq_toronto"
"2020-09-13T03:38:14.933Z","","","ibm-q-keio/keio-internal/reservations","Backend: ibmq_toronto"
"2020-09-13T03:38:10.957Z","","","ibm-q-keio/keio-internal/reservations","Backend: ibmq_toronto"
"2020-09-13T03:37:07.553Z","","","ibm-q-keio/keio-internal/reservations","Backend: ibmq_toronto"
"2020-09-13T03:37:03.745Z","","","ibm-q-keio/keio-internal/reservations","Backend: ibmq_toronto"
"2020-09-13T03:37:00.516Z","","","ibm-q-keio/keio-internal/reservations","Backend: ibmq_toronto"
"2020-09-13T03:36:56.382Z","","","ibm-q-keio/keio-internal/reservations","Backend: ibmq_toronto"
"2020-09-13T03:35:40.689Z","","","ibm-q-keio/keio-internal/reservations","Backend: ibmq_toronto"
"2020-09-13T03:35:36.238Z","","","ibm-q-keio/keio-internal/reservations","Backend: ibmq_toronto"
"2020-09-13T03:35:32.719Z","","","ibm-q-keio/keio-internal/reservations","Backend: ibmq_toronto"
"2020-09-13T03:35:27.845Z","","","ibm-q-keio/keio-internal/reservations","Backend: ibmq_toronto"
"2020-09-13T03:34:23.732Z","","","ibm-q-keio/keio-internal/reservations","Backend: ibmq_toronto"
"2020-09-13T03:34:20.548Z","","","ibm-q-keio/keio-internal/reservations","Backend: ibmq_toronto"
"2020-09-13T03:34:17.640Z","","","ibm-q-keio/keio-internal/reservations","Backend: ibmq_toronto"
"2020-09-13T03:34:13.729Z","","","ibm-q-keio/keio-internal/reservations","Backend: ibmq_toronto"
"2020-09-13T03:32:30.183Z","","","ibm-q-keio/keio-internal/reservations","Backend: ibmq_toronto"
"2020-09-13T03:32:27.615Z","","","ibm-q-keio/keio-internal/reservations","Backend: ibmq_toronto"
"2020-09-13T03:32:23.479Z","","","ibm-q-keio/keio-internal/reservations","Backend: ibmq_toronto"
"2020-09-13T03:32:19.380Z","","","ibm-q-keio/keio-internal/reservations","Backend: ibmq_toronto"
"2020-09-13T03:30:48.060Z","","","ibm-q-keio/keio-internal/reservations","Backend: ibmq_toronto"
"2020-09-13T03:30:45.657Z","","","ibm-q-keio/keio-internal/reservations","Backend: ibmq_toronto"
"2020-09-13T03:30:42.837Z","","","ibm-q-keio/keio-internal/reservations","Backend: ibmq_toronto"
"2020-09-13T03:30:39.627Z","","","ibm-q-keio/keio-internal/reservations","Backend: ibmq_toronto"
"2020-09-13T03:29:32.412Z","","","ibm-q-keio/keio-internal/reservations","Backend: ibmq_toronto"
"2020-09-13T03:29:29.691Z","","","ibm-q-keio/keio-internal/reservations","Backend: ibmq_toronto"
"2020-09-13T03:29:26.606Z","","","ibm-q-keio/keio-internal/reservations","Backend: ibmq_toronto"
"2020-09-13T03:29:22.609Z","","","ibm-q-keio/keio-internal/reservations","Backend: ibmq_toronto"
"2020-09-13T03:28:03.489Z","","","ibm-q-keio/keio-internal/reservations","Backend: ibmq_toronto"
"2020-09-13T03:28:01.057Z","","","ibm-q-keio/keio-internal/reservations","Backend: ibmq_toronto"
"2020-09-13T03:27:58.116Z","","","ibm-q-keio/keio-internal/reservations","Backend: ibmq_toronto"
"2020-09-13T03:27:54.845Z","","","ibm-q-keio/keio-internal/reservations","Backend: ibmq_toronto"
"2020-09-13T02:56:09.702Z","","","ibm-q-keio/keio-internal/reservations","Backend: ibmq_toronto"
"2020-09-13T02:56:06.439Z","","","ibm-q-keio/keio-internal/reservations","Backend: ibmq_toronto"
"2020-09-13T02:56:02.478Z","","","ibm-q-keio/keio-internal/reservations","Backend: ibmq_toronto"
"2020-09-13T02:55:58.642Z","","","ibm-q-keio/keio-internal/reservations","Backend: ibmq_toronto"
"2020-09-13T02:54:10.561Z","","","ibm-q-keio/keio-internal/reservations","Backend: ibmq_toronto"
"2020-09-13T02:54:07.127Z","","","ibm-q-keio/keio-internal/reservations","Backend: ibmq_toronto"
"2020-09-13T02:54:03.391Z","","","ibm-q-keio/keio-internal/reservations","Backend: ibmq_toronto"
"2020-09-13T02:53:59.720Z","","","ibm-q-keio/keio-internal/reservations","Backend: ibmq_toronto"
"2020-09-13T02:51:32.221Z","","","ibm-q-keio/keio-internal/reservations","Backend: ibmq_toronto"
"2020-09-13T02:51:28.896Z","","","ibm-q-keio/keio-internal/reservations","Backend: ibmq_toronto"
"2020-09-13T02:51:25.874Z","","","ibm-q-keio/keio-internal/reservations","Backend: ibmq_toronto"
"2020-09-13T02:51:21.184Z","","","ibm-q-keio/keio-internal/reservations","Backend: ibmq_toronto"
"2020-09-13T02:49:24.427Z","","","ibm-q-keio/keio-internal/reservations","Backend: ibmq_toronto"
"2020-09-13T02:49:21.150Z","","","ibm-q-keio/keio-internal/reservations","Backend: ibmq_toronto"
"2020-09-13T02:49:17.024Z","","","ibm-q-keio/keio-internal/reservations","Backend: ibmq_toronto"
"2020-09-13T02:49:13.414Z","","","ibm-q-keio/keio-internal/reservations","Backend: ibmq_toronto"
"2020-09-12T09:09:27.901Z","","","ibm-q-keio/keio-internal/reservations","Backend: ibmq_toronto"
"2020-09-12T09:09:16.438Z","","","ibm-q-keio/keio-internal/reservations","Backend: ibmq_toronto"
"2020-09-12T09:09:08.192Z","","","ibm-q-keio/keio-internal/reservations","Backend: ibmq_toronto"
"2020-09-12T09:08:57.224Z","","","ibm-q-keio/keio-internal/reservations","Backend: ibmq_toronto"
"2020-09-12T09:08:41.709Z","","","ibm-q-keio/keio-internal/reservations","Backend: ibmq_toronto"
"2020-09-12T09:06:47.392Z","","","ibm-q-keio/keio-internal/reservations","Backend: ibmq_toronto"
"2020-09-12T09:06:37.087Z","","","ibm-q-keio/keio-internal/reservations","Backend: ibmq_toronto"
"2020-09-12T09:06:21.317Z","","","ibm-q-keio/keio-internal/reservations","Backend: ibmq_toronto"
"2020-09-12T09:06:10.638Z","","","ibm-q-keio/keio-internal/reservations","Backend: ibmq_toronto"
"2020-09-12T09:06:01.784Z","","","ibm-q-keio/keio-internal/reservations","Backend: ibmq_toronto"
"2020-09-12T09:04:23.903Z","","","ibm-q-keio/keio-internal/reservations","Backend: ibmq_toronto"
"2020-09-12T09:04:10.738Z","","","ibm-q-keio/keio-internal/reservations","Backend: ibmq_toronto"
"2020-09-12T09:03:59.844Z","","","ibm-q-keio/keio-internal/reservations","Backend: ibmq_toronto"
"2020-09-12T09:03:47.995Z","","","ibm-q-keio/keio-internal/reservations","Backend: ibmq_toronto"
"2020-09-12T09:03:32.790Z","","","ibm-q-keio/keio-internal/reservations","Backend: ibmq_toronto"
"2020-09-12T09:01:37.409Z","","","ibm-q-keio/keio-internal/reservations","Backend: ibmq_toronto"
"2020-09-12T09:01:27.149Z","","","ibm-q-keio/keio-internal/reservations","Backend: ibmq_toronto"
"2020-09-12T09:01:18.382Z","","","ibm-q-keio/keio-internal/reservations","Backend: ibmq_toronto"
"2020-09-12T09:01:09.222Z","","","ibm-q-keio/keio-internal/reservations","Backend: ibmq_toronto"
"2020-09-12T09:00:59.058Z","","","ibm-q-keio/keio-internal/reservations","Backend: ibmq_toronto"
"2020-09-12T08:59:37.222Z","","","ibm-q-keio/keio-internal/reservations","Backend: ibmq_toronto"
"2020-09-12T08:59:26.496Z","","","ibm-q-keio/keio-internal/reservations","Backend: ibmq_toronto"
"2020-09-12T08:59:15.643Z","","","ibm-q-keio/keio-internal/reservations","Backend: ibmq_toronto"
"2020-09-12T08:59:03.164Z","","","ibm-q-keio/keio-internal/reservations","Backend: ibmq_toronto"
"2020-09-12T08:58:51.203Z","","","ibm-q-keio/keio-internal/reservations","Backend: ibmq_toronto"
"2020-09-12T08:57:32.154Z","","","ibm-q-keio/keio-internal/reservations","Backend: ibmq_toronto"
"2020-09-12T08:57:22.380Z","","","ibm-q-keio/keio-internal/reservations","Backend: ibmq_toronto"
"2020-09-12T08:57:13.188Z","","","ibm-q-keio/keio-internal/reservations","Backend: ibmq_toronto"
"2020-09-12T08:57:04.848Z","","","ibm-q-keio/keio-internal/reservations","Backend: ibmq_toronto"
"2020-09-12T08:56:56.708Z","","","ibm-q-keio/keio-internal/reservations","Backend: ibmq_toronto"
"2020-09-12T08:55:40.979Z","","","ibm-q-keio/keio-internal/reservations","Backend: ibmq_toronto"
"2020-09-12T08:55:32.843Z","","","ibm-q-keio/keio-internal/reservations","Backend: ibmq_toronto"
"2020-09-12T08:55:23.810Z","","","ibm-q-keio/keio-internal/reservations","Backend: ibmq_toronto"
"2020-09-12T08:55:11.343Z","","","ibm-q-keio/keio-internal/reservations","Backend: ibmq_toronto"
"2020-09-12T08:55:00.921Z","","","ibm-q-keio/keio-internal/reservations","Backend: ibmq_toronto"
"2020-09-12T08:53:45.529Z","","","ibm-q-keio/keio-internal/reservations","Backend: ibmq_toronto"
"2020-09-12T08:53:35.812Z","","","ibm-q-keio/keio-internal/reservations","Backend: ibmq_toronto"
"2020-09-12T08:53:27.704Z","","","ibm-q-keio/keio-internal/reservations","Backend: ibmq_toronto"
"2020-09-12T08:53:18.128Z","","","ibm-q-keio/keio-internal/reservations","Backend: ibmq_toronto"
"2020-09-12T08:53:09.868Z","","","ibm-q-keio/keio-internal/reservations","Backend: ibmq_toronto"
"2020-09-12T08:51:56.509Z","","","ibm-q-keio/keio-internal/reservations","Backend: ibmq_toronto"
"2020-09-12T08:51:44.602Z","","","ibm-q-keio/keio-internal/reservations","Backend: ibmq_toronto"
"2020-09-12T08:51:35.408Z","","","ibm-q-keio/keio-internal/reservations","Backend: ibmq_toronto"
"2020-09-12T08:51:26.233Z","","","ibm-q-keio/keio-internal/reservations","Backend: ibmq_toronto"
"2020-09-12T08:51:15.927Z","","","ibm-q-keio/keio-internal/reservations","Backend: ibmq_toronto"
"2020-09-12T08:49:48.715Z","","","ibm-q-keio/keio-internal/reservations","Backend: ibmq_toronto"
"2020-09-12T08:49:41.416Z","","","ibm-q-keio/keio-internal/reservations","Backend: ibmq_toronto"
"2020-09-12T08:49:19.460Z","","","ibm-q-keio/keio-internal/reservations","Backend: ibmq_toronto"
"2020-09-12T08:49:12.088Z","","","ibm-q-keio/keio-internal/reservations","Backend: ibmq_toronto"
"2020-09-12T08:48:47.009Z","","","ibm-q-keio/keio-internal/reservations","Backend: ibmq_toronto"
"2020-09-12T08:47:39.482Z","","","ibm-q-keio/keio-internal/reservations","Backend: ibmq_toronto"
"2020-09-12T08:47:30.893Z","","","ibm-q-keio/keio-internal/reservations","Backend: ibmq_toronto"
"2020-09-12T08:47:23.463Z","","","ibm-q-keio/keio-internal/reservations","Backend: ibmq_toronto"
"2020-09-12T08:47:13.999Z","","","ibm-q-keio/keio-internal/reservations","Backend: ibmq_toronto"
"2020-09-12T08:47:05.409Z","","","ibm-q-keio/keio-internal/reservations","Backend: ibmq_toronto"
"2020-09-12T08:45:43.586Z","","","ibm-q-keio/keio-internal/reservations","Backend: ibmq_toronto"
"2020-09-12T08:45:35.874Z","","","ibm-q-keio/keio-internal/reservations","Backend: ibmq_toronto"
"2020-09-12T08:45:27.858Z","","","ibm-q-keio/keio-internal/reservations","Backend: ibmq_toronto"
"2020-09-12T08:45:16.168Z","","","ibm-q-keio/keio-internal/reservations","Backend: ibmq_toronto"
"2020-09-12T08:45:04.813Z","","","ibm-q-keio/keio-internal/reservations","Backend: ibmq_toronto"
"2020-09-12T08:44:02.738Z","","","ibm-q-keio/keio-internal/reservations","Backend: ibmq_toronto"
"2020-09-12T08:43:51.258Z","","","ibm-q-keio/keio-internal/reservations","Backend: ibmq_toronto"
"2020-09-12T08:43:40.199Z","","","ibm-q-keio/keio-internal/reservations","Backend: ibmq_toronto"
"2020-09-12T08:43:33.939Z","","","ibm-q-keio/keio-internal/reservations","Backend: ibmq_toronto"
"2020-09-12T08:43:24.661Z","","","ibm-q-keio/keio-internal/reservations","Backend: ibmq_toronto"
"2020-09-12T08:42:26.313Z","","","ibm-q-keio/keio-internal/reservations","Backend: ibmq_toronto"
"2020-09-12T08:42:20.193Z","","","ibm-q-keio/keio-internal/reservations","Backend: ibmq_toronto"
"2020-09-12T08:42:08.683Z","","","ibm-q-keio/keio-internal/reservations","Backend: ibmq_toronto"
"2020-09-12T08:42:00.813Z","","","ibm-q-keio/keio-internal/reservations","Backend: ibmq_toronto"
"2020-09-12T08:41:53.501Z","","","ibm-q-keio/keio-internal/reservations","Backend: ibmq_toronto"
"2020-09-12T08:41:00.283Z","","","ibm-q-keio/keio-internal/reservations","Backend: ibmq_toronto"
"2020-09-12T08:40:55.932Z","","","ibm-q-keio/keio-internal/reservations","Backend: ibmq_toronto"
"2020-09-12T08:40:47.158Z","","","ibm-q-keio/keio-internal/reservations","Backend: ibmq_toronto"
"2020-09-12T08:40:42.064Z","","","ibm-q-keio/keio-internal/reservations","Backend: ibmq_toronto"
"2020-09-12T08:40:36.753Z","","","ibm-q-keio/keio-internal/reservations","Backend: ibmq_toronto"
"2020-09-12T08:40:03.658Z","","","ibm-q-keio/keio-internal/reservations","Backend: ibmq_toronto"
"2020-09-12T08:39:57.044Z","","","ibm-q-keio/keio-internal/reservations","Backend: ibmq_toronto"
"2020-09-12T08:39:51.616Z","","","ibm-q-keio/keio-internal/reservations","Backend: ibmq_toronto"
"2020-09-12T08:39:40.751Z","","","ibm-q-keio/keio-internal/reservations","Backend: ibmq_toronto"
"2020-09-12T08:39:33.695Z","","","ibm-q-keio/keio-internal/reservations","Backend: ibmq_toronto"
"2020-09-12T08:38:38.267Z","","","ibm-q-keio/keio-internal/reservations","Backend: ibmq_toronto"
"2020-09-12T08:38:27.139Z","","","ibm-q-keio/keio-internal/reservations","Backend: ibmq_toronto"
"2020-09-12T08:38:15.720Z","","","ibm-q-keio/keio-internal/reservations","Backend: ibmq_toronto"
"2020-09-12T08:38:07.934Z","","","ibm-q-keio/keio-internal/reservations","Backend: ibmq_toronto"
"2020-09-12T08:38:00.628Z","","","ibm-q-keio/keio-internal/reservations","Backend: ibmq_toronto"
"2020-09-12T08:37:06.272Z","","","ibm-q-keio/keio-internal/reservations","Backend: ibmq_toronto"
"2020-09-12T08:36:58.885Z","","","ibm-q-keio/keio-internal/reservations","Backend: ibmq_toronto"
"2020-09-12T08:36:46.636Z","","","ibm-q-keio/keio-internal/reservations","Backend: ibmq_toronto"
"2020-09-12T08:36:40.515Z","","","ibm-q-keio/keio-internal/reservations","Backend: ibmq_toronto"
"2020-09-12T08:36:31.936Z","","","ibm-q-keio/keio-internal/reservations","Backend: ibmq_toronto"
"2020-09-12T08:35:40.167Z","","","ibm-q-keio/keio-internal/reservations","Backend: ibmq_toronto"
"2020-09-12T08:35:30.381Z","","","ibm-q-keio/keio-internal/reservations","Backend: ibmq_toronto"
"2020-09-12T08:35:22.991Z","","","ibm-q-keio/keio-internal/reservations","Backend: ibmq_toronto"
"2020-09-12T08:35:16.281Z","","","ibm-q-keio/keio-internal/reservations","Backend: ibmq_toronto"
"2020-09-12T08:35:07.879Z","","","ibm-q-keio/keio-internal/reservations","Backend: ibmq_toronto"
"2020-09-12T08:34:13.901Z","","","ibm-q-keio/keio-internal/reservations","Backend: ibmq_toronto"
"2020-09-12T08:34:05.709Z","","","ibm-q-keio/keio-internal/reservations","Backend: ibmq_toronto"
"2020-09-12T08:33:57.526Z","","","ibm-q-keio/keio-internal/reservations","Backend: ibmq_toronto"
"2020-09-12T08:33:48.675Z","","","ibm-q-keio/keio-internal/reservations","Backend: ibmq_toronto"
"2020-09-12T08:33:42.887Z","","","ibm-q-keio/keio-internal/reservations","Backend: ibmq_toronto"
"2020-09-12T08:32:49.044Z","","","ibm-q-keio/keio-internal/reservations","Backend: ibmq_toronto"
"2020-09-12T08:32:37.446Z","","","ibm-q-keio/keio-internal/reservations","Backend: ibmq_toronto"
"2020-09-12T08:32:30.505Z","","","ibm-q-keio/keio-internal/reservations","Backend: ibmq_toronto"
"2020-09-12T08:32:22.392Z","","","ibm-q-keio/keio-internal/reservations","Backend: ibmq_toronto"
"2020-09-12T08:32:11.712Z","","","ibm-q-keio/keio-internal/reservations","Backend: ibmq_toronto"
"2020-09-12T08:30:55.402Z","","","ibm-q-keio/keio-internal/reservations","Backend: ibmq_toronto"
"2020-09-12T08:30:49.258Z","","","ibm-q-keio/keio-internal/reservations","Backend: ibmq_toronto"
"2020-09-12T08:30:25.529Z","","","ibm-q-keio/keio-internal/reservations","Backend: ibmq_toronto"
"2020-09-12T08:30:18.080Z","","","ibm-q-keio/keio-internal/reservations","Backend: ibmq_toronto"
"2020-09-12T08:29:58.066Z","","","ibm-q-keio/keio-internal/reservations","Backend: ibmq_toronto"
"2020-09-12T08:29:06.464Z","","","ibm-q-keio/keio-internal/reservations","Backend: ibmq_toronto"
"2020-09-12T08:28:30.836Z","","","ibm-q-keio/keio-internal/reservations","Backend: ibmq_toronto"
"2020-09-12T08:28:24.124Z","","","ibm-q-keio/keio-internal/reservations","Backend: ibmq_toronto"
"2020-09-12T08:28:06.405Z","","","ibm-q-keio/keio-internal/reservations","Backend: ibmq_toronto"
"2020-09-12T08:27:57.162Z","","","ibm-q-keio/keio-internal/reservations","Backend: ibmq_toronto"
"2020-09-12T08:27:05.580Z","","","ibm-q-keio/keio-internal/reservations","Backend: ibmq_toronto"
"2020-09-12T08:26:50.006Z","","","ibm-q-keio/keio-internal/reservations","Backend: ibmq_toronto"
"2020-09-12T08:26:42.897Z","","","ibm-q-keio/keio-internal/reservations","Backend: ibmq_toronto"
"2020-09-12T08:26:27.366Z","","","ibm-q-keio/keio-internal/reservations","Backend: ibmq_toronto"
"2020-09-12T08:26:07.056Z","","","ibm-q-keio/keio-internal/reservations","Backend: ibmq_toronto"
"2020-09-12T08:25:13.435Z","","","ibm-q-keio/keio-internal/reservations","Backend: ibmq_toronto"
"2020-09-12T08:25:05.074Z","","","ibm-q-keio/keio-internal/reservations","Backend: ibmq_toronto"
"2020-09-12T08:24:57.740Z","","","ibm-q-keio/keio-internal/reservations","Backend: ibmq_toronto"
"2020-09-12T08:24:51.093Z","","","ibm-q-keio/keio-internal/reservations","Backend: ibmq_toronto"
"2020-09-12T08:24:40.746Z","","","ibm-q-keio/keio-internal/reservations","Backend: ibmq_toronto"
"2020-09-12T03:51:27.766Z","","","ibm-q-keio/keio-internal/reservations","Backend: ibmq_toronto"
"2020-09-12T03:51:20.363Z","","","ibm-q-keio/keio-internal/reservations","Backend: ibmq_toronto"
"2020-09-12T03:51:12.420Z","","","ibm-q-keio/keio-internal/reservations","Backend: ibmq_toronto"
"2020-09-12T03:50:55.467Z","","","ibm-q-keio/keio-internal/reservations","Backend: ibmq_toronto"
"2020-09-12T03:50:47.339Z","","","ibm-q-keio/keio-internal/reservations","Backend: ibmq_toronto"
"2020-09-12T03:50:06.989Z","","","ibm-q-keio/keio-internal/reservations","Backend: ibmq_toronto"
"2020-09-12T03:49:54.358Z","","","ibm-q-keio/keio-internal/reservations","Backend: ibmq_toronto"
"2020-09-12T03:49:41.684Z","","","ibm-q-keio/keio-internal/reservations","Backend: ibmq_toronto"
"2020-09-12T03:49:25.828Z","","","ibm-q-keio/keio-internal/reservations","Backend: ibmq_toronto"
"2020-09-12T03:49:06.954Z","","","ibm-q-keio/keio-internal/reservations","Backend: ibmq_toronto"
"2020-09-12T03:48:05.737Z","","","ibm-q-keio/keio-internal/reservations","Backend: ibmq_toronto"
"2020-09-12T03:47:45.811Z","","","ibm-q-keio/keio-internal/reservations","Backend: ibmq_toronto"
"2020-09-12T03:47:39.451Z","","","ibm-q-keio/keio-internal/reservations","Backend: ibmq_toronto"
"2020-09-12T03:47:26.432Z","","","ibm-q-keio/keio-internal/reservations","Backend: ibmq_toronto"
"2020-09-12T03:47:19.470Z","","","ibm-q-keio/keio-internal/reservations","Backend: ibmq_toronto"
"2020-09-12T03:46:43.139Z","","","ibm-q-keio/keio-internal/reservations","Backend: ibmq_toronto"
"2020-09-12T03:46:29.179Z","","","ibm-q-keio/keio-internal/reservations","Backend: ibmq_toronto"
"2020-09-12T03:46:00.381Z","","","ibm-q-keio/keio-internal/reservations","Backend: ibmq_toronto"
"2020-09-12T03:45:30.065Z","","","ibm-q-keio/keio-internal/reservations","Backend: ibmq_toronto"
"2020-09-12T03:45:03.063Z","","","ibm-q-keio/keio-internal/reservations","Backend: ibmq_toronto"
"2020-09-12T03:43:57.600Z","","","ibm-q-keio/keio-internal/reservations","Backend: ibmq_toronto"
"2020-09-12T03:43:46.000Z","","","ibm-q-keio/keio-internal/reservations","Backend: ibmq_toronto"
"2020-09-12T03:43:19.609Z","","","ibm-q-keio/keio-internal/reservations","Backend: ibmq_toronto"
"2020-09-12T03:42:40.874Z","","","ibm-q-keio/keio-internal/reservations","Backend: ibmq_toronto"
"2020-09-12T03:42:26.097Z","","","ibm-q-keio/keio-internal/reservations","Backend: ibmq_toronto"
"2020-09-12T03:41:15.899Z","","","ibm-q-keio/keio-internal/reservations","Backend: ibmq_toronto"
"2020-09-12T03:40:47.587Z","","","ibm-q-keio/keio-internal/reservations","Backend: ibmq_toronto"
"2020-09-12T03:40:35.681Z","","","ibm-q-keio/keio-internal/reservations","Backend: ibmq_toronto"
"2020-09-12T03:40:25.003Z","","","ibm-q-keio/keio-internal/reservations","Backend: ibmq_toronto"
"2020-09-12T03:39:55.051Z","","","ibm-q-keio/keio-internal/reservations","Backend: ibmq_toronto"
"2020-09-12T03:38:53.657Z","","","ibm-q-keio/keio-internal/reservations","Backend: ibmq_toronto"
"2020-09-12T03:38:42.142Z","","","ibm-q-keio/keio-internal/reservations","Backend: ibmq_toronto"
"2020-09-12T03:37:36.793Z","","","ibm-q-keio/keio-internal/reservations","Backend: ibmq_toronto"
"2020-09-12T03:37:28.585Z","","","ibm-q-keio/keio-internal/reservations","Backend: ibmq_toronto"
"2020-09-12T03:37:21.277Z","","","ibm-q-keio/keio-internal/reservations","Backend: ibmq_toronto"
"2020-09-12T03:36:21.296Z","","","ibm-q-keio/keio-internal/reservations","Backend: ibmq_toronto"
"2020-09-12T03:36:16.032Z","","","ibm-q-keio/keio-internal/reservations","Backend: ibmq_toronto"
"2020-09-12T03:36:06.391Z","","","ibm-q-keio/keio-internal/reservations","Backend: ibmq_toronto"
"2020-09-12T03:35:59.124Z","","","ibm-q-keio/keio-internal/reservations","Backend: ibmq_toronto"
"2020-09-12T03:35:50.185Z","","","ibm-q-keio/keio-internal/reservations","Backend: ibmq_toronto"
"2020-09-12T03:34:45.220Z","","","ibm-q-keio/keio-internal/reservations","Backend: ibmq_toronto"
"2020-09-12T03:34:38.437Z","","","ibm-q-keio/keio-internal/reservations","Backend: ibmq_toronto"
"2020-09-12T03:34:24.863Z","","","ibm-q-keio/keio-internal/reservations","Backend: ibmq_toronto"
"2020-09-12T03:34:17.363Z","","","ibm-q-keio/keio-internal/reservations","Backend: ibmq_toronto"
"2020-09-12T03:34:00.584Z","","","ibm-q-keio/keio-internal/reservations","Backend: ibmq_toronto"
"2020-09-12T03:33:28.585Z","","","ibm-q-keio/keio-internal/reservations","Backend: ibmq_toronto"
"2020-09-12T03:33:05.697Z","","","ibm-q-keio/keio-internal/reservations","Backend: ibmq_toronto"
"2020-09-12T03:32:52.362Z","","","ibm-q-keio/keio-internal/reservations","Backend: ibmq_toronto"
"2020-09-12T03:32:41.395Z","","","ibm-q-keio/keio-internal/reservations","Backend: ibmq_toronto"
"2020-09-12T03:32:31.201Z","","","ibm-q-keio/keio-internal/reservations","Backend: ibmq_toronto"
"2020-09-12T03:31:33.063Z","","","ibm-q-keio/keio-internal/reservations","Backend: ibmq_toronto"
"2020-09-12T03:31:07.627Z","","","ibm-q-keio/keio-internal/reservations","Backend: ibmq_toronto"
"2020-09-12T03:30:59.013Z","","","ibm-q-keio/keio-internal/reservations","Backend: ibmq_toronto"
"2020-09-12T03:30:21.097Z","","","ibm-q-keio/keio-internal/reservations","Backend: ibmq_toronto"
"2020-09-12T03:30:14.164Z","","","ibm-q-keio/keio-internal/reservations","Backend: ibmq_toronto"
"2020-09-12T03:29:15.412Z","","","ibm-q-keio/keio-internal/reservations","Backend: ibmq_toronto"
"2020-09-12T03:29:08.302Z","","","ibm-q-keio/keio-internal/reservations","Backend: ibmq_toronto"
"2020-09-12T03:29:00.545Z","","","ibm-q-keio/keio-internal/reservations","Backend: ibmq_toronto"
"2020-09-12T03:28:54.514Z","","","ibm-q-keio/keio-internal/reservations","Backend: ibmq_toronto"
"2020-09-12T03:28:48.708Z","","","ibm-q-keio/keio-internal/reservations","Backend: ibmq_toronto"
"2020-09-12T03:28:05.275Z","","","ibm-q-keio/keio-internal/reservations","Backend: ibmq_toronto"
"2020-09-12T03:27:33.071Z","","","ibm-q-keio/keio-internal/reservations","Backend: ibmq_toronto"
"2020-09-12T03:27:22.742Z","","","ibm-q-keio/keio-internal/reservations","Backend: ibmq_toronto"
"2020-09-12T03:26:55.213Z","","","ibm-q-keio/keio-internal/reservations","Backend: ibmq_toronto"
"2020-09-12T03:26:25.417Z","","","ibm-q-keio/keio-internal/reservations","Backend: ibmq_toronto"
"2020-09-12T03:25:08.101Z","","","ibm-q-keio/keio-internal/reservations","Backend: ibmq_toronto"
"2020-09-12T03:24:34.941Z","","","ibm-q-keio/keio-internal/reservations","Backend: ibmq_toronto"
"2020-09-12T03:24:23.858Z","","","ibm-q-keio/keio-internal/reservations","Backend: ibmq_toronto"
"2020-09-12T03:24:08.704Z","","","ibm-q-keio/keio-internal/reservations","Backend: ibmq_toronto"
"2020-09-12T03:23:44.124Z","","","ibm-q-keio/keio-internal/reservations","Backend: ibmq_toronto"
"2020-09-12T03:22:47.059Z","","","ibm-q-keio/keio-internal/reservations","Backend: ibmq_toronto"
"2020-09-12T03:22:35.497Z","","","ibm-q-keio/keio-internal/reservations","Backend: ibmq_toronto"
"2020-09-12T03:22:30.548Z","","","ibm-q-keio/keio-internal/reservations","Backend: ibmq_toronto"
"2020-09-12T03:22:24.206Z","","","ibm-q-keio/keio-internal/reservations","Backend: ibmq_toronto"
"2020-09-12T03:22:14.458Z","","","ibm-q-keio/keio-internal/reservations","Backend: ibmq_toronto"
"2020-09-12T03:21:41.514Z","","","ibm-q-keio/keio-internal/reservations","Backend: ibmq_toronto"
"2020-09-12T03:21:31.238Z","","","ibm-q-keio/keio-internal/reservations","Backend: ibmq_toronto"
"2020-09-12T03:21:06.204Z","","","ibm-q-keio/keio-internal/reservations","Backend: ibmq_toronto"
"2020-09-12T03:20:54.410Z","","","ibm-q-keio/keio-internal/reservations","Backend: ibmq_toronto"
"2020-09-12T03:20:31.256Z","","","ibm-q-keio/keio-internal/reservations","Backend: ibmq_toronto"
"2020-09-12T03:19:39.133Z","","","ibm-q-keio/keio-internal/reservations","Backend: ibmq_toronto"
"2020-09-12T03:19:00.049Z","","","ibm-q-keio/keio-internal/reservations","Backend: ibmq_toronto"
"2020-09-12T03:18:53.374Z","","","ibm-q-keio/keio-internal/reservations","Backend: ibmq_toronto"
"2020-09-12T03:18:45.094Z","","","ibm-q-keio/keio-internal/reservations","Backend: ibmq_toronto"
"2020-09-12T03:18:23.487Z","","","ibm-q-keio/keio-internal/reservations","Backend: ibmq_toronto"
"2020-09-12T03:17:22.315Z","","","ibm-q-keio/keio-internal/reservations","Backend: ibmq_toronto"
"2020-09-12T03:17:16.637Z","","","ibm-q-keio/keio-internal/reservations","Backend: ibmq_toronto"
"2020-09-12T03:17:07.899Z","","","ibm-q-keio/keio-internal/reservations","Backend: ibmq_toronto"
"2020-09-12T03:17:02.870Z","","","ibm-q-keio/keio-internal/reservations","Backend: ibmq_toronto"
"2020-09-12T03:16:58.453Z","","","ibm-q-keio/keio-internal/reservations","Backend: ibmq_toronto"
"2020-09-12T03:16:21.667Z","","","ibm-q-keio/keio-internal/reservations","Backend: ibmq_toronto"
"2020-09-12T03:15:53.515Z","","","ibm-q-keio/keio-internal/reservations","Backend: ibmq_toronto"
"2020-09-12T03:15:36.462Z","","","ibm-q-keio/keio-internal/reservations","Backend: ibmq_toronto"
"2020-09-12T03:15:22.000Z","","","ibm-q-keio/keio-internal/reservations","Backend: ibmq_toronto"
"2020-09-12T03:15:17.996Z","","","ibm-q-keio/keio-internal/reservations","Backend: ibmq_toronto"
"2020-09-12T03:14:42.716Z","","","ibm-q-keio/keio-internal/reservations","Backend: ibmq_toronto"
"2020-09-12T03:14:35.809Z","","","ibm-q-keio/keio-internal/reservations","Backend: ibmq_toronto"
"2020-09-12T03:14:29.185Z","","","ibm-q-keio/keio-internal/reservations","Backend: ibmq_toronto"
"2020-09-12T03:14:22.092Z","","","ibm-q-keio/keio-internal/reservations","Backend: ibmq_toronto"
"2020-09-12T03:14:17.034Z","","","ibm-q-keio/keio-internal/reservations","Backend: ibmq_toronto"
"2020-09-12T03:13:22.174Z","","","ibm-q-keio/keio-internal/reservations","Backend: ibmq_toronto"
"2020-09-12T03:13:17.808Z","","","ibm-q-keio/keio-internal/reservations","Backend: ibmq_toronto"
"2020-09-12T03:13:14.362Z","","","ibm-q-keio/keio-internal/reservations","Backend: ibmq_toronto"
"2020-09-12T03:13:08.888Z","","","ibm-q-keio/keio-internal/reservations","Backend: ibmq_toronto"
"2020-09-12T03:13:04.116Z","","","ibm-q-keio/keio-internal/reservations","Backend: ibmq_toronto"
"2020-09-12T03:12:37.169Z","","","ibm-q-keio/keio-internal/reservations","Backend: ibmq_toronto"
"2020-09-12T03:12:28.276Z","","","ibm-q-keio/keio-internal/reservations","Backend: ibmq_toronto"
"2020-09-12T03:12:18.751Z","","","ibm-q-keio/keio-internal/reservations","Backend: ibmq_toronto"
"2020-09-12T03:12:10.772Z","","","ibm-q-keio/keio-internal/reservations","Backend: ibmq_toronto"
"2020-09-12T03:11:54.615Z","","","ibm-q-keio/keio-internal/reservations","Backend: ibmq_toronto"
"2020-09-12T03:10:45.119Z","","","ibm-q-keio/keio-internal/reservations","Backend: ibmq_toronto"
"2020-09-12T03:10:35.790Z","","","ibm-q-keio/keio-internal/reservations","Backend: ibmq_toronto"
"2020-09-12T03:10:02.397Z","","","ibm-q-keio/keio-internal/reservations","Backend: ibmq_toronto"
"2020-09-12T03:09:48.574Z","","","ibm-q-keio/keio-internal/reservations","Backend: ibmq_toronto"
"2020-09-12T03:09:17.690Z","","","ibm-q-keio/keio-internal/reservations","Backend: ibmq_toronto"
"2020-09-12T03:08:33.361Z","","","ibm-q-keio/keio-internal/reservations","Backend: ibmq_toronto"
"2020-09-12T03:08:28.711Z","","","ibm-q-keio/keio-internal/reservations","Backend: ibmq_toronto"
"2020-09-12T03:08:21.909Z","","","ibm-q-keio/keio-internal/reservations","Backend: ibmq_toronto"
"2020-09-12T03:08:15.031Z","","","ibm-q-keio/keio-internal/reservations","Backend: ibmq_toronto"
"2020-09-12T03:08:08.770Z","","","ibm-q-keio/keio-internal/reservations","Backend: ibmq_toronto"
"2020-09-12T03:07:43.072Z","","","ibm-q-keio/keio-internal/reservations","Backend: ibmq_toronto"
"2020-09-12T03:07:30.241Z","","","ibm-q-keio/keio-internal/reservations","Backend: ibmq_toronto"
"2020-09-12T03:07:22.695Z","","","ibm-q-keio/keio-internal/reservations","Backend: ibmq_toronto"
"2020-09-12T03:07:13.982Z","","","ibm-q-keio/keio-internal/reservations","Backend: ibmq_toronto"
"2020-09-12T03:07:05.878Z","","","ibm-q-keio/keio-internal/reservations","Backend: ibmq_toronto"
"2020-09-12T03:05:58.472Z","","","ibm-q-keio/keio-internal/reservations","Backend: ibmq_toronto"
"2020-09-12T03:05:52.877Z","","","ibm-q-keio/keio-internal/reservations","Backend: ibmq_toronto"
"2020-09-12T03:05:43.875Z","","","ibm-q-keio/keio-internal/reservations","Backend: ibmq_toronto"
"2020-09-12T03:05:36.806Z","","","ibm-q-keio/keio-internal/reservations","Backend: ibmq_toronto"
"2020-09-12T03:05:30.381Z","","","ibm-q-keio/keio-internal/reservations","Backend: ibmq_toronto"